text,predicted_emotion,low_confidence_flag
Do not.,anger,False
That's not a key.,anger,True
Bad.,anger,True
"Yes. You cannot wash your hair in the kitchen, say, under the tap.",anger,False
Yes. That is not.,anger,True
I do not think so.,anger,False
I do not think so.,anger,False
"Do not call? No, don't call anyone.",anger,True
No. Also not.,anger,False
"Here, this construction is not very good.",anger,False
"No man, but you're sick.",anger,False
No absolutely not.,anger,False
That doesn't suit us.,anger,False
The wort volatiles are considered AAA criminals.,anger,False
and will absolutely not be fooled anymore.,anger,True
"It's not good for your blood pressure, this.",anger,False
And you guys are the quickest to break the mirror.,anger,True
Always do this in complete silence.,anger,True
The eye you chose is not Lennie's eye.,anger,True
Thief is the only person I would do this to.,anger,True
The fanless friends Bichan and Shiva cannot...,anger,False
Yes? Okay. You are not allowed to take that with you.,anger,True
That's very strange for you. That doesn't suit me.,anger,False
I'm not allowed to do it at home either. It won't stink.,anger,False
And I'm not allowed to wear my shoes at home either.,anger,False
I do not think so.,anger,False
"Look, what Jeroen says, they don't sit next to the PIN machine...",anger,True
"Don't eat red cabbage on Monday. Well, I have tons of things like that.",anger,True
No. And don't text.,anger,True
"Certainly, and they are not calm, the whole family.",anger,False
"You shouldn't say so many things, you know.",anger,False
"Parents in the area, comb us in the eyes.",anger,True
You can consider it a dangerous job.,anger,True
We're not going to do that.,anger,False
She's not going to try it again.,anger,False
"Not possible, right? Yeah, I'm not going to like that.",anger,False
I never cook at home.,anger,True
Not normal.,anger,False
Not.,anger,True
So we don't actually want to contact friends or family directly.,anger,True
I can not do that.,anger,True
Deep in the eyes.,anger,True
I can't eat cottage cheese every day.,anger,True
But that's your ignorance.,anger,False
you know that you are also screwed.,anger,False
"From, shouldn't this group app be deleted?",anger,False
One thing we really shouldn't do is have a lot of contact with people we know.,anger,False
You just don't want to be here.,anger,False
They would be better off with another car.,anger,False
"That's where he lives, then I wouldn't let him come back here.",anger,False
Yes that's why. I don't want that.,anger,False
Because you are of course completely closed off in the house...,anger,True
from the outside world.,anger,True
"we don't go to people we know, not from the start.",anger,True
Do not do it.,anger,False
And slipping. No.,anger,True
No way.,anger,False
You are not staying in this house.,anger,False
Welcome to Hell.,anger,True
It's basically just doping.,anger,False
It's just doping.,anger,False
that you simply skip a lot of steps.,anger,False
One person is not allowed through that revolving door.,anger,False
If you can't trust anyone...,anger,False
The wort fugitives are not allowed to leave the Netherlands.,anger,False
"And this, we ate a lot of wood and they have nothing there.",anger,True
"Put it away with Lucia, with Dusty.",anger,True
"How sick, boy.",anger,False
Are you only coming to withdraw 50 euros? Yes. Not.,anger,True
"Really screwed, man.",anger,True
Love to break.,anger,True
His friends from the gymnastics group also call him the stripper.,anger,True
No way whatsoever.,anger,True
The hunters feel that Rajiv's parents are not telling the truth.,anger,True
Yes? Okay. You are not allowed to take that with you.,anger,True
That's very strange for you. That doesn't suit me.,anger,False
I'm not allowed to do it at home either. It won't stink.,anger,False
And I'm not allowed to wear my shoes at home either.,anger,False
Do not.,anger,False
That's not a key.,anger,True
Bad.,anger,True
" >sexuality shouldnâ€™t be a grouping category It makes you different from othet ppl so imo it fits the definition of ""grouping"" ",anger,False
This video doesn't even show the shoes he was wearing...,anger,True
"Dark and funny, but not really nice guy. He has yet to call the dead girls whores for declining to sleep with him. ",anger,False
"Go troll elsewhere. This woman needs support, not crass questions.",anger,False
If [NAME] has similar role to end year then no way am I taking those over him ...especially Sony,anger,False
"There has to be some repercussions for this judge, right? Considering the crimes, that bail seems incredibly low...",anger,True
Good old guardian refusing to accept that [NAME] is stauncly anti-EU and anti-Brussels,anger,False
This guy is basically the referee in parliament and your right to like him. As for the rest in there thats questionable,anger,False
Then Iâ€™m sorry but this game really isnâ€™t for you. Progression like that would ruin the base of what this game is.,anger,True
It doesn't matter. You can pick someone with the #1 Pick that will never be any good...,anger,True
I thought it was very good. The guy was one sick bastard thatâ€™s for sure.,anger,False
"You're both wrong NBA is an initialism, can't be pronounced as a word. Oh man I love reddit",anger,True
"I mean thatâ€™s a stupid rule that creates an echo chamber, but I donâ€™t see how that belongs here.",anger,True
Hypocritical is pot calling the kettle genocide,anger,False
Political affiliations has only little correlation to individual intellectual ability,anger,True
It's also had derogatory meaning for nearly 400 years. people with any common sense or taste will generally choose *any* other word.,anger,True
"[NAME]: ""She seems useless""",anger,False
"This is r/tifu. If you're not caught jacking it into the turkey, you're doing it wrong. ",anger,False
Lol I hate this too!,anger,True
Also Republicanism is a belief system. It's taught and handed down like religion. Conservative talk radio is its evangelism.,anger,False
>fail at reading comprehension >Other guy must be a troll Â¯_(ãƒ„)_/Â¯,anger,False
I donâ€™t think they really thought through the ramifications of putting a bunch of angry women through rigorous physical exercise with weapons. That uprising would be glorious!,anger,False
"Without fail saying ""moist panties"" makes every woman cringe.",anger,True
Theyâ€™re looking at her like they wish theyâ€™d ordered her instead.,anger,True
So wrong. Most every denomination believes they are the only ones who are doing it right and everyone else is going to rot in hell.,anger,False
"No, you are just suggesting someone be at the ""perfect"" level of looking for a relationship. Suggesting someone be the perfect anything is just sillyness. ",anger,False
Go play Farmville if you can't keep it up.,anger,True
"Fucking monophanie looking ass floating with the dead, nice.",anger,False
Y'all really out here supporting authoritarian Venezuelan dictators huh.,anger,False
"Thats not him :( the most recent comment literally starts with ""i'm not a dude"" ",anger,False
Looks like complete slop with 4 turds thrown on top. ðŸ¤¢,anger,False
No going back after switching to a safety razor. Even the most expensive blades are 10x+ cheaper than Gillette.,anger,True
He's just a money grabbing midget,anger,False
This is not looking good for China's typical method of say whatever the other side wants to hear then do nothing.,anger,False
Yep. Let him know. Weird awkward NOPE is better done online than in person,anger,True
Well being told from a young age that us chubby dudes are not allowed to get the girl ever. Thats is why im asking.,anger,True
Fantasize about violence then go home and pretend to be an edgy badass on Reddit.,anger,True
Man.. all I know is if Iâ€™m with a girl and she whips out a condom from her FUCKING SHOE itâ€™s a no from me dog,anger,True
Thatâ€™s not true. She represents those who voted her into power.,anger,False
"You're both wrong NBA is an initialism, can't be pronounced as a word. Oh man I love reddit",anger,True
"Yes the ammo health thing really is a chore. Too much realism. we want have some fun in a realistic setting, not a simulator. ",anger,True
I have a deep seeded hatred for close-minded people too.,anger,False
Ignorance is strength.,anger,True
Looks like one of mine too. Such a horribly raised entitled rude brat,anger,False
"No, because asses that hot don't come in trenta",anger,False
It was a poor choice of words.,anger,False
"I ate 2 lots of rice a day, with chilli. I also had a bowl of high carb cereal. I lost 4stone. CICO, is real! ",anger,True
"Yes the ammo health thing really is a chore. Too much realism. we want have some fun in a realistic setting, not a simulator. ",anger,True
That's not even deconstructed. It's just unassembled.,anger,True
I watched a really bad horror movie she starred in but I think it predated VPR.,anger,True
"Wow, the Wizards are horrible ",anger,True
"I knew I didn't like this guy when the NPR commentator said ""He's the best option for attorney general right now""",anger,False
Oh jeez. Just look at her eyes compared to the other girls.,anger,True
Solid argument. Honestly this gameâ€™s a mess and impossible to balance for both sides equally.,anger,False
She is probably cheating on you. :(,anger,False
This is what you get for starring in a mediocre movie,anger,True
I was convinced that you can just use one of the above. If you clean up just like the truck in the back of one person beat him.,anger,True
"People have made money off it. Belle Delphine was hit with a $60,000 fine recently",anger,True
How autistic.,anger,False
Sucks for that guy,anger,True
"Yeeeaaaah, move out and keep showing off the clam.",anger,True
">more money than you I seriously, *seriously* doubt that. >doing something before this guys are outta the country Prove it.",anger,True
"Unfortunate for him, but I'm bringing up players. >AND they can just stop being a support.",anger,True
Sounds like you are the one with salty tears mate,anger,True
"My nipples are rock hard right now, just ruined my shirt. ",anger,True
I like [NAME] but he's biased. If he's planning to becoming a real journalist he needs to leave his bias at home.,anger,False
This isn't even co-optation this just out right hard repression.,anger,True
"Definitely. Once I discover their toxic personality, I couldn't care less about them.",anger,False
Brutal piece!,anger,True
"> [NAME] huh she hasn't even cast a vote on anything yet, you can't just apply your preconceived biases onto a person without a voting record",anger,False
Youâ€™re not going to convince anyone else either if you refuse to back up any of your claims.,anger,False
But pretty much the entire Torah is in masculine language. Weak argument on their part.,anger,False
WHO WON THIS FIGHT My thoughts: neither side did a good job at explaining their positions and this entire interview was mostly useless,anger,True
Yeah itâ€™s not like I want my cat to lick me in a sexual way thatâ€™s just weird.,anger,False
Yes it is child abuse. Itâ€™s sexist too.,anger,False
Not look much beautiful.,anger,False
So what I'm hearing is your dad didn't do a good job ~~brainwashing~~ raising you :-P,anger,False
My dude looks like he's done with this WWE business,anger,True
"I, too, have lied about getting hooked up by Hasbro to justify the unhealthy amount of money I have spent on Nerf guns. ",anger,True
That is definitely an unpopular opinion. Upvoted.,anger,False
He is going to hate 2019...,anger,False
Are you this awful about everything that isn't your own preference?,anger,True
"Good dad, manipulative son.",anger,False
"Iâ€™ve legitimately never heard anything about disabled men relying on prostitution, nor have I heard any arguments using disabled men as a rationalization for prostitution.",anger,False
Love the guy complaining the panel is stacked against the rich what with all the high tax rhetoric. *The WORLD is stacked against the rest of us.*,anger,True
"Verisimilitude, which here means, utter bs meant to help justify terrible favouritism.",anger,False
If you have to do side task you consider boring in order to power up and take on the main quest I'd consider that grinding.,anger,True
Rheged sounds like a racist name for a [NAME]. Don't think it will catch on tbh,anger,False
"Rule 2, 3, and 7. Impressive. Goodbye.",anger,True
"[NAME], too. [NAME] is very guilty of this.",anger,False
Someone has sex with that.,anger,True
"If that's true, then you can't call what I would have with option 1 ""omnipotence"".",anger,True
The puppy is actually suggesting that the use of laptop to be repulsive. ^^^^PCMR4Lyfe,anger,False
"[NAME], I've told you already. ""Muy gorda chica"" does not mean ""very pretty girl"" ",anger,True
I mean nowadays the first grader would be expelled as a sex offender and put on a registry anyway,anger,False
"Have fun toasting expired marshmallows in hell, lady-killer POS.",anger,False
"Lol. Yes! [NAME] and his $14,000 suit love you but please don't touch him.",anger,True
Anything >0 is way too common.,anger,True
No negotiations with terrorists.,anger,True
"Behavior I'd consider deeply immoral without showing true remorse (I'm talking rape, torture of animals, that sort of thing).",anger,False
I'm more saying that I think the south is a joke.,anger,False
"OP, this is the definition of manipulation. Ignore it, I promise itâ€™ll be better for you in the long run. ",anger,True
Then I'll be accused of being a racist.,anger,True
Utter nonsense from yourself.,anger,False
This is the worst I've ever seen. It really is,anger,False
I think it is more likely that you simply do not know what science is.,anger,True
"I agree itâ€™s disrespectful to so blatantly disregard her parents wishes but yes, otherwise too uptight.",anger,True
THIS IS WHAT WE GET FOR RIPPING ON THE WILD ANIMAL SHITPOSTS,anger,False
You can't release A New Hope 2.0 in China if you do that though.,anger,True
The age of consent is 16 in Massachusetts. Unless theyâ€™re sending nude pictures heâ€™s not doing anything illegal.,anger,False
No she would just get 18 years in jail (raising a kid).,anger,False
It is amazing how social media is allowing maniacs to congregate. Social media is very bad for us.,anger,True
I'm sorry but your username is absolutely horrible lol,anger,True
"Just next her. She'll never find a SD anyway, she's all talk.",anger,True
"So, I saw the video yesterday. I think there are real complaints by residents, but that video isn't normal, and absolutely crosses into antisemitism.",anger,False
"And in some aren't permitted outside the home without a lawful, legitimate purpose.",anger,True
Delete your account.,anger,False
The Calgary Herald has extremist on their payroll?,anger,True
Not sure to downvote because genuine and encouraging or to upvote because sarcastic and hateful.,anger,True
"You're not going to KDG. No, I'm going to AP.",disgust,True
Bro!,disgust,False
Ah!,disgust,False
Good. Let's go.,disgust,True
Let's go. Even stil.,disgust,True
"Hype, hype.",disgust,False
"I'm gonna jump. Yes, I will.",disgust,True
I'm here!,disgust,True
Pak hem!,disgust,False
It's quite a lot of grip.,disgust,False
And it seems to be becoming some kind of aerobics.,disgust,True
that five people have already entered the house.,disgust,True
"Yes, you already notice, a lot is different than usual.",disgust,False
"You have a familiar face, but I just don't know it.",disgust,False
but of course that also means that you participate a little in Big Brother.,disgust,True
There they are. There they are.,disgust,True
Start of that scaffolding. Great.,disgust,False
or a spot of the wifi has been picked up.,disgust,True
Fifty. Only fifty? How little.,disgust,False
That's quite a distance.,disgust,True
Firework.,disgust,True
Fire.,disgust,True
"Oh, me.",disgust,False
LAUGHTER.,disgust,False
APPLAUSE.,disgust,False
Now!,disgust,False
"On trial, hey!",disgust,True
"What are we thinking, what kind of test?",disgust,False
"He's pinging us, so he's live.",disgust,False
"It can't be any other way, can it?",disgust,False
The problem is I'm not 100% sure.,disgust,True
"But when you said it, I immediately thought...",disgust,False
I really do not know.,disgust,False
Game of cards tonight.,disgust,True
"Oh, he should have left his phone in the store too.",disgust,True
So that matter is now a priority.,disgust,True
Haha.,disgust,True
"He slips and I thought, this is the end of the exercise for Sebas.",disgust,True
How are we going to sheep boys?,disgust,False
"Oops, there's sand coming already.",disgust,False
In my head there is really...,disgust,False
And the realization immediately dawns that we have to go to the island.,disgust,False
CHEERS.,disgust,False
CHEERING.,disgust,False
You never know for sure?,disgust,True
LAUGHTER.,disgust,False
I had never seen an island council before.,disgust,False
And these people look like this.,disgust,True
No I do not know.,disgust,True
Here? Oh great. Well.,disgust,False
It can only be that he gave the duo a lift...,disgust,False
"Listen, what are we going to do now?",disgust,True
Or that we no longer know what to do.,disgust,False
Don't know.,disgust,True
"And if we don't know what we're going to do ourselves, the researchers don't know either.",disgust,False
Then they know that we are leaving.,disgust,True
"No, we didn't share anything. We really don't know anything.",disgust,True
because five new residents are faced with an exciting choice.,disgust,False
I didn't really prepare myself. I'm just going to let it happen to me.,disgust,True
"You might not have predicted it, but my game starts now.",disgust,False
Oh my fuck.,disgust,False
"Oh, damn.",disgust,False
Oh my God.,disgust,False
Oh my God. Oh my God. Oh my God.,disgust,False
Oh my God. Oh my God. Oh my God.,disgust,False
There he is. He's been asleep.,disgust,True
"Sir, how do I get down here? Or is that not possible?",disgust,True
"O, shoot.",disgust,False
I can't think of heroes. Who do you know around here?,disgust,False
Everything has changed so much,disgust,False
Everything doesn't go that fast,disgust,False
"No, that now woman, eh. I really felt it.",disgust,False
With that hint you will learn something that can give you an advantage.,disgust,True
Is someone on the ground? Oh my God.,disgust,False
I've never seen a trailer resident in this house.,disgust,False
Is that a water taxi? Yes.,disgust,True
We don't know the whole road here either.,disgust,True
"Oh my god, I know where we are.",disgust,False
We now know for sure that the next one would probably be mine.,disgust,False
"Yes, because there is someone else who is 52. No!",disgust,False
"Grandma, I was shocked by you.",disgust,False
"This one, I think, is for me. Or yours.",disgust,True
In my suitcase. In your suitcase?,disgust,True
Oh my God.,disgust,False
"Oh, then you don't have your suitcase.",disgust,False
You're going to see everyone soon. So we are a team now.,disgust,True
"Real? Yes, I swear.",disgust,True
I can already see it. You're knocking here afterwards.,disgust,True
Why am I doing this to myself? It's a kind of tropical prison.,disgust,True
We walk up and it's just huge.,disgust,False
How can this hurt so much?,disgust,False
"Ah, ah, ah.",disgust,False
What...,disgust,False
What then?,disgust,False
And? And.,disgust,True
Of course I would never have done it otherwise.,disgust,True
"What is allowed, what is not allowed?",disgust,True
"Oh yes, you are that busy.",disgust,True
Yes? Say that.,disgust,True
"Not difficult to recognize. Face mask, cap, without glasses.",disgust,True
What is he already doing then?,disgust,False
"Yes, he wasn't wearing a black shirt.",disgust,True
I really don't understand that. Oh yeah.,disgust,False
Do you see anyone? Oh no?,disgust,True
What are all these people doing here with the camera?,disgust,False
"Oh, wow.",disgust,False
What timing.,disgust,False
"So that's weird too, right?",disgust,False
Is that gone already? I don't know.,disgust,True
"And to their delight, it turns out weird on the very first try.",disgust,False
No? Do you mean it?,disgust,False
"Yeah, I've never seen a caravan resident in it.",disgust,False
I've never lived in a house before.,disgust,False
"Hip, hip, hip, hip!",disgust,False
"I'm excited. All of Belgium, all of the Netherlands are watching.",disgust,True
"Okay, so I'm going in between here?",disgust,True
Now I'm starting to doubt again whether she heard the correct address at all.,disgust,True
Don't know. Don't know.,disgust,True
Don't know. Don't know.,disgust,True
I don't know. I don't know.,disgust,False
Because after that he didn't move anymore.,disgust,True
"So either they've been knocked out, Dokiet, in 3039, Kilo, Kilo.",disgust,False
where they left.,disgust,False
What do you mean?,disgust,False
I feel like you actually said beforehand...,disgust,False
For how long? For how long?,disgust,True
How so?,disgust,True
What...,disgust,False
What then?,disgust,False
And? And.,disgust,True
why did I choose this job?,disgust,True
But I'm really throwing up on this adrenaline.,disgust,False
Because otherwise I would never keep it up like this.,disgust,False
That adrenaline comes up.,disgust,False
"That's what you have, it's in your blood.",disgust,True
"Either you have had that since you were little, or you haven't.",disgust,True
Heh.,disgust,True
Why am I leaving them behind? Good question.,disgust,True
He doesn't drive on.,disgust,True
Heh.,disgust,True
Heh.,disgust,True
What a crazy route.,disgust,False
"Hey. Wait, wait, wait.",disgust,True
One two...,disgust,True
"Go, go, go.",disgust,True
"Go, go, go, go.",disgust,True
Why? No idea.,disgust,False
Yes!,disgust,True
"Two coins? No, two.",disgust,False
"Oh, I don't know at all.",disgust,False
"Basiri, this is the very first nomination of Big Brother 2024.",disgust,True
that Big Brother can turn everything upside down in one fell swoop.,disgust,False
Let's go.,disgust,True
Really? Yes.,disgust,False
"Now you're serious? Yeah, I'm really serious.",disgust,False
Cassava!,disgust,False
CHEERING.,disgust,False
It's serious.,disgust,False
And laugh even more?,disgust,False
Real?,disgust,False
LAUGHTER.,disgust,False
So somehow the kitchen fell to me very quickly.,disgust,True
LAUGHTER.,disgust,False
"Go, go, go!",disgust,False
"You see crabs, but you can't catch them.",disgust,False
Heh.,disgust,True
But where wait...,disgust,False
Wow.,disgust,False
What do we do?,disgust,False
And I don't think there is a leader and a follower.,disgust,True
"O, my God.",disgust,False
"O, my fucking God.",disgust,True
"Oh, what is this? Great.",disgust,False
are together and I'm not.,disgust,True
"O, my God.",disgust,False
I don't know you.,disgust,False
"Oh, wait.",disgust,False
Don't know.,disgust,True
"Is 23 years old, once decided to completely change course...",disgust,True
Whoa.,disgust,False
Ah!,disgust,False
Ah!,disgust,False
"Oh, my God.",disgust,False
"Oh, I'm so excited.",disgust,False
"Oh, my God, the diary room.",disgust,False
"Ah, what the fuck?",disgust,False
What is that here?,disgust,False
Ah.,disgust,False
This is going to be important.,disgust,False
Hundred thousand.,disgust,True
Hmm.,disgust,True
"So this is where we're all going to eat, or what?",disgust,False
Oh.,disgust,False
Oh.,disgust,False
"Oh, my God.",disgust,False
Oh.,disgust,False
Oh.,disgust,False
Then it's exciting again all at once.,disgust,False
So that you are no longer individual.,disgust,True
Oh my god.,disgust,False
She has a lot of muscle and becomes quite unpredictable when she gets angry.,fear,True
Good. I'm a little bit nervous. Why?,fear,False
Because I just don't know what's coming.,fear,False
It's going too fast at once.,fear,False
We have to go faster or we won't make it.,fear,False
We really need to go faster. Slow down.,fear,False
"Anyway, I'm a little nervous.",fear,False
But it is dangerous that we called Mariette from the house.,fear,False
Because imagine if they track you down...,fear,False
"But if they look at your phone later, do you want to delete it?",fear,True
"If the animal is already cold, we know that we have to leave.",fear,False
"Okay, I think it's best if we just make a plan of what else we can do, because it's getting dark.",fear,False
"Yes, we have to hurry.",fear,False
"Let's make a little fire, because it's starting to get a bit dark.",fear,False
"Then there is only one goal and that is to make a fire as quickly as possible, because it is already getting dark.",fear,False
We're standing here and we're thinking this might be the day that we have to do another test.,fear,False
But Kelly is unsure whether they should use it.,fear,True
Romy and Kelly have only been on the run for a few hours...,fear,False
They've only been on the run for a few hours and already the paranoia is setting in.,fear,False
"And if I do receive a call, am I allowed to answer it?",fear,False
Shrink. Almost in Krimpen.,fear,False
"You may not be that smart, but I just don't want to slide.",fear,True
"Dominique also says, be careful, be careful.",fear,False
We almost had to do that test with six people.,fear,True
that I'm walking around with ponchos and that it's really pouring rain.,fear,False
There is a chance that I will have to go home soon.,fear,False
"You never know for sure, no.",fear,True
I remember during my expedition I had to go to the island council for every test one after the other.,fear,True
We need to get out of the park for a while.,fear,True
I don't want to get picked up in a park.,fear,False
While Hunter Team 1 rushes to Breda...,fear,True
Even though the hunters were awfully close...,fear,True
At headquarters they now want to get to Rajiv's father as quickly as possible.,fear,False
They're going to put a hammer under that car.,fear,True
Rajiv's belongings may also be confiscated.,fear,True
I really have to go.,fear,True
What do you want to do now? We have to leave.,fear,True
That we will then come to a standstill.,fear,False
500 euros if it leads to the arrest.,fear,True
to stay under the radar.,fear,False
The hardest part about being on the run...,fear,False
Who will manage to stay out of the hands of the hunters?,fear,True
and transported blindfolded to a location unknown to them.,fear,False
From here they will flee in a few minutes.,fear,False
We have to get out of here as quickly as possible. We are on the run. I have my...,fear,False
Oh God. Then we'll be out in two days.,fear,True
and there he comes across a suspicious chat session.,fear,False
And you are not allowed to enter the secret passage at a red light.,fear,True
I feel a lot of pressure.,fear,False
We have to hide somewhere.,fear,False
Let me think. We have to go somewhere...,fear,True
Take shelter for ten minutes.,fear,False
We have to go to the station. There is no other way.,fear,True
that is covered with security cameras.,fear,True
Not without risk.,fear,False
"If we don't get away now, we'll be in check immediately.",fear,False
Do you understand? I don't have that phone in my hands yet.,fear,True
It is important to first carefully find out who you are dealing with.,fear,False
that the fugitives immediately disperse across the city.,fear,True
That's going to take a long time. Blow on that rope. Blow on that rope.,fear,True
so that any suspicious movement can be monitored.,fear,False
And we are actually running from hunters.,fear,False
"How are you? Yes, I am a bit tense, I must say.",fear,False
"We have to go over the fence here, because then they shouldn't be able to see us.",fear,True
"Aygun and Rajiv, still in Rotterdam and extremely nervous.",fear,False
"I don't even dare go out into the street, do I?",fear,False
How do you feel? A little nervous.,fear,False
Can I ask you something? We are on the run...,fear,False
They are not yet confident that they are really under the radar.,fear,False
And they are now urgently looking for a safe hiding place.,fear,False
so that any suspicious movement can be monitored.,fear,False
And we are actually running from hunters.,fear,False
And that is the tension that it brings.,fear,False
And that was... I don't want to be the first one out.,fear,False
You have to stay sharp.,fear,True
You have to stay sharp.,fear,True
We are moving slower than the other camp.,fear,True
"Wait, wait, stop. Hold on.",fear,False
"When I see Ferry like this, I expect him to fall into the water quite quickly if he stands on it.",fear,False
"We're almost at the stick, it's about to stop.",fear,False
"Watch out, watch out!",fear,False
"Just before I can jump, I lose my balance.",fear,True
"If I lose my balance, I'll just fall on my butt.",fear,False
Varnish!,fear,True
"Anyway, this looks dangerous.",fear,False
Very dangerous.,fear,False
We flee.,fear,False
"En vergeet niet, Big Brother is always watching you.",fear,True
"But I shouldn't be alone, right? I do not want that.",fear,False
"Oh, no. I can't be alone.",fear,False
"I shouldn't be alone, right?",fear,False
"I shouldn't be alone, right?",fear,False
"I'm going to have to be alone here, aren't I?",fear,False
and therefore does not avoid any confrontation.,fear,True
Shoot me.,fear,False
"Me too, I find it scary.",fear,False
They are immediately put under tap.,fear,True
"Can we get out of here? Be careful, man.",fear,False
"We're really walking into the center now, dude.",fear,True
Or we go into hiding now. We pick up the phone and call the store.,fear,False
Often people who think a lot are too paranoid.,fear,False
We are on the run. Oh really? Yes.,fear,False
To get out of here as quickly as possible...,fear,False
they decide to commit one of their premeditated mortal sins.,fear,True
Oh God. If they don't answer now...,fear,False
But if we have the feeling that those hunters are really on our heels...,fear,False
Of course I have lost too much weight and I am very afraid that it will cost me my head soon.,fear,False
"I'm always a bit nervous about an island council myself,",fear,False
But if that car were to possibly take us for debit cards...,fear,False
We have to make sure we open that hunt...,fear,True
It will be taken from your winnings money if we drop out now.,fear,True
Aikun and Rajiv wait impatiently in the Rotterdam Veerhaven...,fear,False
And in doing so they are taking quite a risk.,fear,False
This ANPR hit sets off all the alarm bells.,fear,False
A relative of fugitives driving around town...,fear,True
Watch out.,fear,False
"After all, you never know when a fight might arise.",fear,False
Because if you make a mistake...,fear,False
Because if you make a mistake...,fear,False
then something can cost others.,fear,False
So it is crucial that everyone grabs one.,fear,False
"Shit, the head office is here. We have to get out of here.",fear,False
Oh okay. We have to go outside.,fear,False
The hunters sense that Rajiv's parents are not telling the truth.,fear,True
They only want one thing. Under the radar as quickly as possible.,fear,False
"I'm not going to be alone here, am I?",fear,False
"I have to say that when it rains really heavily, it can cross my mind.",fear,False
place that as quickly as possible in the stairs behind you.,fear,False
that they are only being spied on by Big Brother.,fear,True
They have to try to stay under the radar.,fear,False
In a country where everything we do digitally leaves traces every day.,fear,True
And it is full of millions of surveillance cameras.,fear,False
Out of sight. Out of sight. Out of sight.,fear,True
Soon we will be betrayed by those people.,fear,False
They have to stay out of the hands of the hunters.,fear,False
Just freak out completely.,fear,False
They should not remain in the same place for more than 48 hours.,fear,True
We are on the run.,fear,False
We're running from Hunters. Can we please come along?,fear,False
Get after it as quickly as possible.,fear,True
We are on the run. We have to go somewhere.,fear,False
"If that's the headquarters, then we're walking now",fear,False
Otherwise we will be caught immediately.,fear,False
I think we are now stuck in a traffic jam.,fear,False
We have to get off that road.,fear,True
"Stop, stop!",fear,False
"Yeah, calm down, stop guys!",fear,False
"Come on, never leave the shore!",fear,True
"No, no, Niels, calm down, relax.",fear,True
"I'm just genuinely afraid that because of his fanaticism,",fear,False
that he might jump too early.,fear,False
"Watch out, boys!",fear,False
"Come on now, I really mustn't screw this up.",fear,False
"Yes, then you just know that Thomas has to force something now.",fear,False
Calm down!,fear,True
"Quick, quick, quick!",fear,True
"If it goes wrong again, if that person keeps falling,",fear,False
"Yes, we have to fight for 100,000 euros again.",fear,True
"If they're around here, we're screwed, right? No.",fear,False
they want to get out of here as quickly as possible.,fear,False
In the hope that the hunters cannot determine their precise destination...,fear,True
they avoid the service center and head for the ticket machines.,fear,True
"We have to get out of here, right? Yes.",fear,False
Just get out of here now. Where are we going now?,fear,False
Going to hide for a while?,fear,False
We are on the run and need our own place to sleep.,fear,False
You know that nothing is certain in this game.,fear,True
"We have to be careful, I think.",fear,False
"Now next time we go in, don't say anything...",fear,False
nothing is certain when staying in my house.,fear,False
But Kelly is unsure whether they should use it.,fear,True
Romy and Kelly have only been on the run for a few hours...,fear,False
They've only been on the run for a few hours and paranoia is already setting in.,fear,False
It's that same road. We're running in circles.,fear,True
"Where is the station? Mate, I think that phone is vibrating. Is that possible?",fear,True
things like telephones and cars are put under surveillance.,fear,False
"My tension is a little higher now, definitely.",fear,False
I'd say don't read out loud. Otherwise you will hear it.,fear,False
Swimming under the roller door.,fear,True
"Yes, we have to fight for 100,000 euros again.",fear,True
For extra measure tape it right by your crotch so she can't take it for sexual assault reasons,fear,False
Gotta protectâ€™em!,fear,False
Let go or you will be dragged,fear,False
[NAME] the people must be warned.,fear,True
"Ones with close ties to SA, anyway. An escaped apostate won't exactly be itching to run home.",fear,True
Be careful with the Washington Times. It's not exactly the Washington Post.,fear,False
"Hand ur phone to a buddy and let them send the text asking her out. Worst thing is she says no, but it's better then not knowing ",fear,False
Awkwardly remembering all of those promises I made mid-panic attack...,fear,False
Gotta go fast! [NAME],fear,False
Would feel weird swiping right on a leftie,fear,False
"Itâ€™s not so much the heat, itâ€™s the humidity thatâ€™ll kill you.",fear,False
"I'm really worried :( I sent a DM to them, I hope they will be okay... ",fear,False
Yes. One of her fingers is getting a sore on it and thereâ€™s concern it may push her into needing braces.,fear,False
Are you top or bottom? I need to go under you real quick I'm gonna need you to take him on bar,fear,False
CURRY MY MAN,fear,False
This is a slippery slippery slope that ends with the backstory to the Wrath of Khan dude.,fear,True
Good to know ED either doesnâ€™t affect this guy or heâ€™s projecting hard because itâ€™s the worst thing he can try to handle,fear,True
#ERROR!,fear,False
You need HELP!,fear,False
This is the noise I make in my girlfriendâ€™s ear while yâ€™all are still scared to moan,fear,False
Oh. But do you think that...,joy,False
"Consciously, not consciously. I think it's good that it is.",joy,False
Maybe that is a genuine way to recognize each other better.,joy,False
I study primary education. My senior year.,joy,False
I'm curious.,joy,False
"Let's go, let's go, let's go, let's go, let's go.",joy,False
I am the soulmate.,joy,False
I hope you are happy with it.,joy,False
"Thank you, big brother.",joy,False
Thank you.,joy,False
That's a must.,joy,False
Hallo.,joy,False
"Yeah, he'll get it, won't he?",joy,False
"But also the other way around. If, say, I notice that something is bothering you...",joy,False
That you don't end up in that situation. Yes.,joy,False
"Right, right, right. How are you?",joy,True
"But when it really gets too much, when my glass gets full...",joy,True
then I can...,joy,False
Sonja's beautiful character traits?,joy,False
A very big heart. Yes.,joy,False
"And faithful. Loyal to her family, loyal to her principles, loyal to her own values.",joy,False
I also just heard something very nice.,joy,False
That the bond with mom is so great and so important.,joy,False
"Real. My mom, she's sitting there, she's really my number one.",joy,False
But it will be fine.,joy,False
I just constantly hope for mistakes from the others.,joy,True
"Wait, wait, wait. You're almost there.",joy,False
And!,joy,True
"Yes, then you are ahead.",joy,True
"Come on, Bernard!",joy,True
"Then I look at those sticks and I think, they are hanging high.",joy,False
Yes! It's nice to get into the water.,joy,False
I just want to do really well.,joy,False
Now I just want to prove to myself that I can do this.,joy,False
And!,joy,True
"I think, it actually feels pretty okay.",joy,False
Enjoying the scooter ride.,joy,False
Keep up the good work.,joy,False
Delicious with a drink.,joy,False
I have a little music in my head and then we can go.,joy,False
I think you're there.,joy,True
That must go through this mysterious mirrored door.,joy,True
"And what that means, you guessed it, only one person knows.",joy,True
One of those five is locked in the secret house.,joy,True
Big Brother has something completely different in mind.,joy,True
And there will undoubtedly be a reason for that.,joy,True
"And after this grand opening, of course also on the streams.",joy,True
We will soon welcome the next new resident here...,joy,True
how the first residents are settling down comfortably.,joy,False
"Tell me, who are you leaving behind, what are you doing?",joy,False
"In other words, who are you reprising? Are you single?",joy,False
Modeling?,joy,True
"Oh, and what kind of assignments have you already had?",joy,False
Maybe you just saw it in a magazine or something?,joy,True
Lemie wants to participate in Big Brother...,joy,False
How is it for you?,joy,False
"Yes, super fun. Exciting.",joy,False
"Yeah, but you know, I see him in the picture.",joy,True
"But you guys are always together, aren't you?",joy,False
He also just sits there as hard as a rock.,joy,False
Where are there cameras along the highway?,joy,True
"So you know, this guy is really into it.",joy,False
"Strong, that was the goal, right? Yes.",joy,False
"In Breda, Bishan and Shiva's wait is rewarded.",joy,False
The couple who promised to return now stands before them.,joy,False
They did indeed arrange a place to sleep.,joy,False
"Great, thank you. Thank you.",joy,False
Really great.,joy,False
what the boys' walking route was.,joy,False
then it could well be that they got there via a hotspot...,joy,True
I'll help you out a bit further. Great.,joy,False
"Great, thanks. Go ahead. We'll follow you.",joy,True
Thank you for arranging. See you soon.,joy,False
Where Bishan and Shiva finally leave Rotterdam...,joy,True
Highvliet?,joy,False
"Also, is-ie er al?",joy,False
Where is this in relation to the Euromast?,joy,False
So they have something of a means of transportation.,joy,True
"Okay, if the Hunters are there...",joy,True
Because it could very well be that they have taken advantage of...,joy,True
And we still have to do all...,joy,False
Do you want to do that? Are you better at it?,joy,False
A place to sleep seems useful to me.,joy,False
Fire seems useful to me.,joy,False
"Yes, I will participate.",joy,False
The most important thing is that we have some kind of place to sleep.,joy,False
Everyone actually sees what needs to be done.,joy,False
Without everyone having to be managed individually.,joy,False
Everyone does something.,joy,False
"And I immediately get a vision of Kamps-Zuid, where I once lived myself.",joy,True
Is this another island where we can't wash?,joy,False
I'm getting all the vibes from the first season again.,joy,True
And I really think we're home again.,joy,True
You're going to make the kitchen?,joy,False
I think it's a good idea.,joy,False
It is very important and very necessary that we now build a good kitchen and a good roof.,joy,False
What's the plan now?,joy,False
What are we going to put on top?,joy,False
It's nice if you're off the ground.,joy,True
I'd rather have a canopy than a really bad roof.,joy,False
You really want to get off the ground?,joy,False
"I think you're more sociable now than you were then, right?",joy,False
Sure sure.,joy,True
And I don't know if it's because of the smoke or because of your story.,joy,True
"Look, look, look.",joy,True
"We won in trial 1, carbohydrates, speed and strength.",joy,False
"Well, I'm hungry too.",joy,True
Tasty!,joy,False
Tasty!,joy,False
Well done!,joy,False
Thank you!,joy,False
Should we try to win today?,joy,False
Shall we really make this a breakfast for champions?,joy,True
"Oh, this next to the chef. I think another power test.",joy,True
I wouldn't be surprised if it's a different kind of test now.,joy,False
And we can take advantage.,joy,False
"Yes, we can take advantage.",joy,False
Do you have cyclist Thomas there?,joy,False
Do you have Doka Edith here?,joy,True
Yes please. Then we think we will do something further there.,joy,False
Tasty.,joy,False
I'll pick you up and then we'll go stick together.,joy,False
Yes that is good.,joy,False
Thanks for helping. We'll take a look.,joy,False
Thanks for helping. We'll take a look.,joy,False
We'll get him in here.,joy,False
Functions perfectly.,joy,False
The girls are happy with their sleeping place.,joy,False
I feel like when you say hunter or something like that...,joy,False
That they get it?,joy,False
That they get to hear it.,joy,True
They put 100% into those words.,joy,False
If it's what you say...,joy,False
Then we wouldn't even have to go to that house anymore.,joy,False
They're even already inside somewhere.,joy,True
We quickly found a great spot for the first night in Bleskensgraaf.,joy,True
Delicious.,joy,False
"This doesn't suck, right?",joy,False
Totally cool.,joy,False
"Hey, you're still in Rotterdam, aren't you?",joy,False
of one of our fugitives.,joy,True
"At this point, tracking down the fugitives...",joy,True
"Moreover, the mysterious truck combination seems...",joy,False
Are we there?,joy,True
"To that father, if they can pick them up.",joy,False
But that is certainly what we are indicating in the area.,joy,True
Can that phone be tracked?,joy,True
And there's a reasonable chance he's out there somewhere.,joy,False
It is also plausible that they are in that car.,joy,True
"The construction, the construction is in my opinion a sacred construction here in the...",joy,False
This is actually what I came back for.,joy,True
To experience nature again in this way.,joy,False
"The big construction site, that is such a beautiful thing.",joy,False
"Is it out? Is it coming out? Yeah, I'll do it myself.",joy,True
And we are actually all doing very well with that now.,joy,False
"That went well, fortunately.",joy,False
This island is beautiful.,joy,False
What is the idea of â€‹â€‹the roof? I have not been concerned with that.,joy,False
We can still put that chair in between and she has an idea how to do that.,joy,False
How nice this is becoming!,joy,False
Do you feel your lungs out? They are still there.,joy,False
Where's smoke? Is it fire?,joy,False
Niels' Moonwalk can be explained in many ways.,joy,True
"Yeah, I think we're all going to see which is the strongest team.",joy,True
We just want to vote for me.,joy,False
"No island council, we are safe and that means a wonderful atmosphere in the camp.",joy,False
So the bankruptcy was actually not necessary at all?,joy,True
But we only get rid of them and then we don't have that hassle anymore.,joy,False
"No island council, it saves so much stress.",joy,False
"No, it's wonderful man.",joy,False
Just let this team remain intact until a possible merge.,joy,False
"It's not possible, we're just going for it.",joy,True
"Fuck yeah, gee guys, we don't have to do anything.",joy,False
"And now I thought, I'm done with it for a while.",joy,True
And that's actually a really nice feeling.,joy,False
Who do you think will get out?,joy,False
"I don't know why, but I feel like the other group is really close.",joy,False
"Yes, somewhere around that tree. Maxim, thank you.",joy,False
See you later. Thank you.,joy,False
which has emerged as a possible hideout of Aygun and Rajiv.,joy,False
Are they currently blonde?,joy,False
"Well, let's keep looking. Thank you.",joy,False
Let's look further. Thank you for your time.,joy,False
Aygun and Rajiv managed to get out of Rotterdam unnoticed.,joy,False
Thank you. Thanks.,joy,False
"We're here, baby.",joy,False
and they do not rule out that he will come to their aid again.,joy,False
"If so, the hunters want to be there.",joy,True
With the underlying reason that we want to invest in it later?,joy,False
I'm almost convinced that father will become a pivotal figure in that story.,joy,False
But it makes perfect sense that you...,joy,True
Would you like to go to Leiden?,joy,True
"An interrogation of that father, as if we don't know anything?",joy,False
Then we divide the cases and the hunt can begin.,joy,True
One of those two is the fugitive duo Bishan and Shiva.,joy,True
Two proud Venlo residents and best friends.,joy,False
Who like tension.,joy,True
I saw all kinds of things there.,joy,True
We do very well together under stress.,joy,False
We can keep each other sharp.,joy,False
You can't just comb in the kitchen.,optimism,True
"I've heard that if you get angry, things can really get out of hand.",optimism,False
"Damn, we're not moving.",optimism,False
"You know, up to his fist deep.",optimism,True
I would prefer it to just continue naturally and then have those bores on top of it.,optimism,False
I found it really annoying.,optimism,False
then I will destroy you completely!,optimism,False
"Jesus, yeah, just shit!",optimism,False
"We don't have time to recover, nothing at all.",optimism,True
"but not a word can be said about it, nothing at all.",optimism,False
Fuck.,optimism,False
"Because your traitor, he never sleeps.",optimism,True
Fuck.,optimism,False
"If you're here, honk three times.",optimism,False
"If you honk three times, we'll know you're there.",optimism,False
The horn is honked three times. Ouch.,optimism,False
"Wait a minute, wait a minute. You stay here.",optimism,True
You're gonna hurt another one. You're gonna hurt another one.,optimism,True
"Ah, fuck, fuck, fuck, fuck.",optimism,True
Helper Mark's warning bell has not gone off.,optimism,True
You stand still here and you stand still there.,optimism,True
He also stands still here for quite a long time. I think almost fifteen minutes.,optimism,True
"At headquarters, Selmar threw himself at the missing container.",optimism,False
"Fuck, fuck.",optimism,False
"Man, what the hell!",optimism,True
No no no!,optimism,False
I have to crack something anyway and I'm already so lame.,optimism,False
That's annoying.,optimism,False
That's just this whole mind fuck.,optimism,False
Then listen. It's a planned campaign. Stand still.,optimism,True
You do me with red and sun and then you don't have the first test again.,optimism,False
"but there's no way I'm going to show it, you just shouldn't do that!",optimism,False
What are you doing? Fast? I had to cut three times.,optimism,False
It can't go off anymore.,optimism,True
"Jesus, I'm really busy guys.",optimism,True
"At home, you never sit with seven people in a building watching your food being cooked.",optimism,True
"Yes, certainly, Euromast. Euromast, yeah, fuck.",optimism,True
Fuck.,optimism,False
The nasty...,optimism,True
"And there he was, scheming and twisting.",optimism,True
It's always about you.,optimism,False
"Oh, fuck, fuck, fuck.",optimism,True
No no no!,optimism,False
No no no.,optimism,True
Fuck you.,optimism,False
They call you around. Buy them. Buy them.,optimism,True
"You have this kind of rhythm, first to the left until it starts to hurt...",optimism,True
Fuck!,optimism,False
Stop!,optimism,True
"If it doesn't work anymore, sit down, hey!",optimism,False
"If it doesn't work, stop, stop, stop!",optimism,False
"But then I thought, don't do shit, don't fucking help.",optimism,False
"You know, up to his fist deep.",optimism,True
We're going to take a shit.,optimism,False
"Fucking hell, man.",optimism,False
with the whims of Big Brother.,optimism,True
You have to ask again a hundred times.,optimism,False
"Look, my stupid...",optimism,False
"All right. What the fuck, maat.",optimism,False
But that's fucking longer than a park like that.,optimism,False
"Is it on then? Let out, let out. That is not necessary now.",optimism,False
"In Camp North, there is a desire for revenge.",optimism,True
"You do right, if you don't care then fuck 'em!",optimism,False
"I can't stand [NAME]. Especially since her ""tatooing my own face"" video. ",optimism,False
"I just came home, what the fuck is this lineup? I love you [NAME] you mad bastard !!!",optimism,False
Na. Rediting my post. Sorry for the ignorance.,optimism,True
"""Oh, how DARE you discuss the disgustingly unhealthy and dangerous lifestyle I pursue!"" /s",optimism,False
Press fucken charges the moment they use your info.,optimism,False
>Did you just call me a liar? Sick reference.,optimism,False
Shut up 15 year-old,optimism,False
Just wait. Wait for the false promise. Wait for the mandatory prompts. Wait for the empty gestures.,optimism,False
"That's professor [NAME] to you, savage!",optimism,True
Of course he will lie cheat and steal to make him self relevant to the public. Horrible person.,optimism,False
"[NAME] to [NAME]: ""Don't try and tell me how to defend""",optimism,False
"That's just....sorry, but stupid is the only correct word.",optimism,True
Looks like a classic subluxation; that guy needs to get to the chiropractor!,optimism,True
"Now you ruined the surprise!""",optimism,False
"*and, sorry for the spelling mistake",optimism,True
"Funny, the right only seems to say this about women and people of color ðŸ¤”ðŸ¤”ðŸ¤”",optimism,True
yo STOP going on your roof on dxm man you don't want to fall and hurt yourself,optimism,False
Lmao you fart bigger to cover up the first one,optimism,False
KILLING IN THE NAME OF,optimism,False
The [NAME] are all laughing at each other. They are divided. We need to strike them down while they are weak.,optimism,False
his traps hide the fucking sun.,optimism,False
Sorry just seemed like you were trying to make it a [NAME] thing,optimism,True
It's a tool that idiots install so they can tag users who post in subreddits they disagree with and immediately discount or attack said users,optimism,False
I just heal and when we start to do bad day its my fault taking blame off of our flanks and frontlines,optimism,False
"Second, you accuse everyone who didn't ignore you of being a Russian propaganda poster",optimism,False
">Take a payday loan, smoke some meth, buy a shitload of guns. Tell me which ideology this is and I'm sold",optimism,True
And This is for shooting down police helicopters,optimism,False
"Youâ€™re right. My biggest pet peeve is the lights, it washes out all the colors and textures, I hate that BGs use them",optimism,False
Exactly. Stop talking and let the adults speak u/MeatheadVernacular.,optimism,False
Would you rather I hadn't posted this article? Don't want to talk about it?,optimism,False
This one tilted concrete square in my neighborhood that I keep fucking tripping over.,optimism,False
my late [NAME] kept bank suckers for low blood sugar,optimism,False
"[NAME] to [NAME]: ""Don't try and tell me how to defend""",optimism,False
"Hey now, donâ€™t try to have the guy killed. This is an upstanding sub. ",optimism,True
"That's ironic. Because [NAME] isn't getting the Wall funded, we are pulling more resources off the border blockade effort?",optimism,True
"I would pay money for [NAME] to not be my nurse. She will probably ""accudentally"" squeeze my nuts. Crazy bitch.",optimism,False
Bringing it up now because you and many like you made this sub a hostile environment for voices of reason. Eat crow.,optimism,False
I'm just saying you are demanding things of us while being nasty yourself.,optimism,False
What a douche canoe to take advantage of you like that.,optimism,True
"TAKE ME TO YOUR CRYPT, I WANT TO PAY MY RESPECTS!",optimism,True
Man I hate kids,optimism,False
My mistake. I just glanced over your last post.,optimism,True
[NAME] damn it I'm so tired of seeing Instagram between fights,optimism,False
There's not enough salt in the world for her!,optimism,True
Who still unironically says SJWs? You look like an idiot saying that.,optimism,True
I'm so fucking dead!!!!!!!ðŸ’€ðŸ’€ðŸ’€ðŸ’€ðŸ¤£ðŸ¤£ðŸ¤£ðŸ¤£ðŸ¤£ðŸ˜‚ðŸ¤£ðŸ¤£ðŸ¤£ðŸ¤£,optimism,True
BUT WHY DOES SHE DO A FULL FACE/EYE LOOK THEN SKIP THE MASCARA?!?!! This has been driving me nuts.,optimism,False
â€œStop. What are you doing? Stop.â€ ðŸ˜‚,optimism,False
IMO the car was mostly at fault for abruptly jumping into the other lane without signaling.,optimism,True
"Tell him to run over to the patent's office and copyright the name ""Green Goblin"" and I want a quarter every time somebody says it.",optimism,False
That sucks! Your lady giblets are NONE of her damn business. Does your BF at least try to curb her mouth?,optimism,False
dude people here can be assholes. thereâ€™s nothing wrong with taking a break.,optimism,False
"My dad makes that joke ""I have to fight anorexia"", his BMI is 31...",optimism,True
He told you that he hates your friends because they don't beat you up? That is so disgusting!,optimism,False
Meaning of life is to work 8h + a day and then convert your lifetime in coins you can spend on useless shit.,optimism,True
"We've had so many stories about [NAME], that we do NOT need any about Florida lady. LOL",optimism,False
Id buy those shoes and walk in the dirtiest places just to piss [NAME] off.,optimism,False
You should have noped out of the whole thing the moment the racist with a racist character came into the picture.,optimism,False
"AWWWWW, look at the little snowflake that canâ€™t take cyberbullying and thinks others care!",optimism,True
This is just a terrible joke,optimism,True
Filthy birdbrain-loving scum barely deserve the bullets needed to boot them off the mountain. Moreiya 4 life,optimism,False
"Bro, it's only game, why you heff to be mad?",optimism,False
Makes my skin crawl,optimism,True
Too busy being on that stupid ass mystery singer show,optimism,False
"Only the [NAME] do so. The rest of us have been exasperated with him for months, at least.",optimism,False
Soooo [NAME] is f**ked,optimism,False
Cus the left doesn't give a shit about people who fought for the USA!,optimism,False
I *want* to like R&M but people are making it really difficult,optimism,True
shhhh before you make the neocons angry,optimism,True
Fcuk you.,optimism,False
All the people in this thread are fucking disgusting,optimism,False
Oh great so now i need a tv license or to watch in potato. This is piss poor.,optimism,False
You're delusional and unabashedly willing to lie about others for ideological reasons.,optimism,False
All the replies take his quote a little too seriously,optimism,True
iT cAn'T bE sExISt bEcAuSE iT's a mErItocRaCy. -tech bro assholes justifying gender discrimination and systemic sexism,optimism,False
Why do they always threaten with a block? Like how do they not see thatâ€™s not a threat thatâ€™s a solution?,optimism,False
"You better go to a church tomorrow and repent..also, tell the Pastor what happened. I am serious. ",optimism,True
I cheered for the Superbowl to be canceled,optimism,True
Oh fuck I almost forgot to jerk off and smoke weed today. I'm so forgetful. Appreciate the reminder.,optimism,False
"Ahh mate, come back any time and i'll make culturally inappropriate Third Reich gags and then we can get lit on bush chooks.",optimism,True
So heâ€™s gonna swear at you in Klingon?,optimism,True
Doesnâ€™t matter does it? Itâ€™s a joke. No need to get a designer/graphic artists involved to communicate the idea.,optimism,False
I said stop though. Whatâ€™s with right wingers and not understanding consent?,optimism,True
"Iâ€™d rather reply to you, simply because you sound like an idiot",optimism,False
"I cringed so much just reading that tweet, I didn't even make it to the comments. That's my fucking President. :(",optimism,True
if it wasn't him it would be someone else she's wasting her life on,optimism,False
"Or don't notify the boss, and keep not singing Happy birthday in restaurants. (Maybe I'm just no fun?)",optimism,True
He has a kid that he pays child support and my 2 younger siblings that he also calls leeches,optimism,False
"I swear of all the people that dislike artifact, the gwent crew is by far the most obnoxious.",optimism,False
"Nobody forced [NAME] to take [NAME] over [NAME], if he liked him that much then he shouldâ€™ve just taken him.",optimism,True
This sub is becoming a â€œGamers rise upâ€ parody of itself. This is ridiculous.,optimism,False
"If you had a giant rock on your land, and you couldn't stop people climbing, wouldn't you be pissed?",optimism,False
"Yeah, [NAME] stans cannot get enough of it. In their little bubble [NAME] can outsmart a queen with experience in dealing with petty people. ",optimism,True
I'm sorry that's what you read because it isn't what I said.,optimism,True
Not this subâ€™s fault the ((([NAME]))) is full of idiots,optimism,False
[NAME] damn it,optimism,False
I once had a guy yell something obscene from the window of his truck and throw a half full beer can at me too... good times,optimism,False
Look at that shit-eating grin,optimism,False
She did that on purpose look at her feet shift over before she throws the punch.,optimism,False
I think Iâ€™ll go ahead and continue criticizing silly unfounded and harmful beliefs,optimism,False
"Say what you want about me, I can take it... but stop slandering poor defenseless [NAME]...",optimism,False
I wouldnâ€™t recommend expensive brands in this subreddit. People get irrationally angry and condescending.,optimism,False
I canâ€™t imagine having a plan B when it comes to dating. That just seems disrespectful to not devote yourself to the person your dating.,optimism,False
My goodness. Your such a fucking manchild.,optimism,True
Damn. r/murderedbywords,optimism,False
"This is an attempted genocide. Genocide happens because of those seeking power, not because of religion or ethnicity or college educations. ",optimism,True
Why do we gotta wait for a week just for the devs to fix their mistake?,optimism,False
If someone calls I will text them and say I can't talk right now. No matter what I'm doing.,optimism,True
> Love is more important than some job. You can't be serious? Please tell me you're just joking.,optimism,True
this is so niche but i still felt that shit in my bones,optimism,True
**You are breaking the car!**,optimism,False
... [NAME] derangement syndrome sufferer spotted. What drivel you crazy lunatics say... The lies and falsehoods along with the out of place fearmongering is getting really annoying...,optimism,False
Ugh. The Google Plus BB community is the absolute worst!!!,optimism,False
"If you had a giant rock on your land, and you couldn't stop people climbing, wouldn't you be pissed?",optimism,False
"They can lock the doors all they want, unless they have the child locks turned on there's nothing stopping me from unlocking the door. ",optimism,True
i say no or in da club if they come to damce with me i walk away,optimism,False
"> We're angry, but we don't want to be labelled as violent nutters.",optimism,False
"> The porn that I downloaded was Brazzers produced. In case you don't know, Brazzers is ***anal*** about their IP. Ha get fucked.",optimism,False
Listen to yourself. What other things do u want to shove down the throats of others in the name of tolerance and humanity? [NAME].,optimism,True
"She threw it in the trash? Pig! Wash it down the sink, even if it's a pancake.",optimism,False
So the watering down continues. When will the democrats stop losing the battle before it's fought?,optimism,True
Good grief.,optimism,True
"More rudeness, misogyny and sexism from [NAME]. If it wasn't so predictable it would be upsetting. [NAME]. ",optimism,False
Im sorry I said something negative about your beloved Valve.,optimism,False
Nope! It doesn't matter how stupid you were being.,optimism,False
Reality i could force people to have sex with me Im 14 btw,optimism,True
"So, the cops raided my favorite massage parlor today.",optimism,False
I can respect profiting from morons.,optimism,False
Maybe we will see each other over on that thread and everyone can openly mock me. You should submit it!,optimism,True
Sadly this story has died down why is he bringing it back up. Just let it die.,optimism,True
Please stop uploading twitter links. There's a reason people ask for/post mirrors.,optimism,False
"And of course, instead of calling out the men responsible for this behavior, the ""Not all men"" crowd has arrived in full force.",optimism,False
"â€œ[NAME], I tried to make ramen in the coffee pot and I broke everythingâ€ - [NAME]",optimism,False
"Because people that comment on YouTube videos are toxic, filthy heathens.",optimism,False
Sucks to suck,optimism,True
They're playing on their phone and smoking in the toilet too. That's how they take a break. I'd rather take a walk outside personally,optimism,False
I dont get into politics much but if they want to echo chamber leave them alone it wont change them they will only get more angry,optimism,False
Do you have a friend? No I do not have a friend.,sadness,True
"Do you want a single? Yes, I've been single for four years.",sadness,True
You're not going to look for it either? No.,sadness,True
"We're going to have a quiz later. Yes, okay.",sadness,False
You go first.,sadness,False
"You are Sonja. Sonja, 26 years old.",sadness,False
From Antwerp. Yes.,sadness,False
Last year? Yes.,sadness,False
You are my concubine. Yes Yes.,sadness,False
He has my pin anyway.,sadness,False
And.,sadness,False
"Yes, that is true. But hey, I'm a human being, so everyone is different.",sadness,False
Kitsune.,sadness,False
And.,sadness,False
See them.,sadness,True
And.,sadness,False
And.,sadness,False
It's here.,sadness,True
"I actuallyâ€¦ Yeah, go take something off, right.",sadness,False
"I just... I think, just let it go.",sadness,False
"Never mind, we're home.",sadness,False
But the norms and values â€‹â€‹of our...,sadness,False
"Yes, those are all certain things.",sadness,False
No. That has to be in the bathroom.,sadness,True
This must remain hygienically clean. Yes.,sadness,False
Because food is made. Yes.,sadness,False
then I would take that into account.,sadness,True
And I don't get into that situation either. Yes.,sadness,False
Quickly to the next resident.,sadness,False
She works in the catering industry and at a primary school.,sadness,False
We'll see what that will mean for her fellow resident.,sadness,True
Comes from Antwerp for 26 years. Here's Sonja.,sadness,False
Hey.,sadness,False
"Sonja, welcome. Hello.",sadness,False
From Antwerp? Yes.,sadness,False
Yes. Can you explain a little more about that?,sadness,True
Yes. I always try to stay calm.,sadness,False
We are here with Sonja's family and friends.,sadness,False
that she can take the suitcase with her?,sadness,True
"No, I don't ask that question like that.",sadness,True
Otherwise I wouldn't bring it.,sadness,True
Calm down.,sadness,False
Calm down.,sadness,False
Calm down.,sadness,False
Wait a second.,sadness,False
Calm down.,sadness,False
Calm down.,sadness,False
Calm down.,sadness,False
Then you hear the first cracks in the other team.,sadness,True
I even heard a little screaming there.,sadness,True
Come on.,sadness,False
Then I come to that.,sadness,False
I'm actually watching Sebas.,sadness,False
A.,sadness,False
Two.,sadness,False
Cut out the corner.,sadness,False
A.,sadness,False
Two.,sadness,False
"Me, stop day.",sadness,True
Big Brother himself.,sadness,False
"Welcome back, you're watching Big Brother.",sadness,False
A new season has arrived and you have just seen...,sadness,True
That also applies to how the game should be played this year.,sadness,False
You have already seen that a number of people...,sadness,False
And one person was allowed to take his belongings with him.,sadness,False
Those suitcases have now been taken to a dark room.,sadness,False
"Yes, I think so too.",sadness,False
"Yes, I would just like to say...",sadness,False
"that you can follow us day in, day out on our social media.",sadness,False
but not before we first look...,sadness,False
I'm single.,sadness,False
And I also do modeling.,sadness,True
"Yes, some of Lemie's family and friends are hereâ€¦",sadness,True
"our new resident, Brigitte, wife of Lemie.",sadness,False
Of course.,sadness,False
Always.,sadness,False
"Search history, safari.",sadness,False
Yesterday I searched for...,sadness,False
"Anyway, let's just have the idea that we...",sadness,False
"And two students, who will pick them up at any moment.",sadness,True
I'm in the park now. You know where to find me.,sadness,False
Team 1 is now also in Breda.,sadness,False
"At headquarters, they know nothing better than that Bishan and Shiva...",sadness,True
arrived there by train just over an hour ago.,sadness,False
Michael and Bo are now trying to map out...,sadness,False
We are standing here at the City Park.,sadness,False
At the intersection of Willemstraat and Spoorstraat.,sadness,False
There you also have WiFi sensors.,sadness,False
So if there was a call...,sadness,False
or when we see people with phones on the cameras...,sadness,True
Make sure you walk a bit of a route.,sadness,False
"Whatever we can do, if we walk about 30 meters behind you...",sadness,False
then we will simply ring the bell when you are there.,sadness,False
Then you first walk inside.,sadness,False
Then we will walk 30 meters behind you.,sadness,False
Are we following you? Yes.,sadness,True
Intersection of Willemstraat and Spoorstraat.,sadness,False
Three cameras at the entrance of the park.,sadness,False
Just walk over there. Over there? Yes.,sadness,False
Just walk here. Better here.,sadness,False
"Yes, you come here from the other side.",sadness,False
"Okay, yes. Top.",sadness,False
Linda drives back into town with helper Mark.,sadness,False
In the Hoogvliet district he goes to get money from her ATM.,sadness,False
Then Linda is dropped off at a point without cameras...,sadness,False
and father Kees will pick her up there.,sadness,False
Met Denise.,sadness,False
Middenbaan Noord. Can I have the camera footage of that right away?,sadness,True
Fifty euro.,sadness,False
And.,sadness,False
He has to stand there.,sadness,False
"Yes, well, I'm going to drive Kees now.",sadness,False
Yo.,sadness,False
Hoi.,sadness,False
then maybe they will go to Mariette.,sadness,False
And.,sadness,False
Middle lane North. In Hoogvliet.,sadness,False
"Yes, they are still in Rotterdam.",sadness,False
"And, even...",sadness,True
Two and a half hours of walking.,sadness,False
They didn't run that.,sadness,True
They got there in a different way.,sadness,False
then send a message to Kees or Mariette.,sadness,False
Sally.,sadness,False
Would you like to help me search Davy and Linda's bank account?,sadness,True
from one of those scooters in Rotterdam.,sadness,False
Would you like to grab the one from Davy on May 17?,sadness,False
We have to request all the surrounding images.,sadness,False
First fire.,sadness,False
"Yes, so let's do that then.",sadness,False
And.,sadness,False
Shall we have a piece of pot fire?,sadness,True
We are silent.,sadness,False
"Come, come, come.",sadness,True
"First fire, boys.",sadness,False
"Yes, fire.",sadness,False
"Unfolding the ponchos on the beach, good night.",sadness,False
MUSIC.,sadness,False
"The first impression, nice beach, but not much water in the sea.",sadness,False
MUSIC.,sadness,False
I'm going to make the kitchen.,sadness,False
Then leave it there for a bit and I'll make a kitchen here.,sadness,False
We need to make a frame first and then how that bed...,sadness,False
"Yeah, you know what it's like when it rains and the water goes?",sadness,False
"Yeah, I don't know.",sadness,False
Come here boy!,sadness,False
MUSIC.,sadness,False
MUSIC.,sadness,False
I heard you talking quite early.,sadness,True
"Yes, I woke up early.",sadness,False
We still have some pasta left.,sadness,False
So I'm going to use the pasta.,sadness,False
Manjariq!,sadness,True
TV GELDERLAND 2021.,sadness,False
No. Let's do that for a moment.,sadness,False
That's why we did the pasta now.,sadness,False
"No, I'm finishing myself off.",sadness,False
The first one was really a power test.,sadness,False
We have Aunt Frida.,sadness,False
It might be a small lead of 30 seconds or a minute.,sadness,True
Or something lighter.,sadness,False
If it's just pure running.,sadness,False
Then of course we come...,sadness,True
Short and fast.,sadness,False
"Okay, so maybe they can walk to your house now?",sadness,True
Then they can go to my house now.,sadness,False
And.,sadness,False
"Niels, I have already found the vehicle at one of the turning points.",sadness,False
Your beacon is active.,sadness,False
"He's baking now, isn't he?",sadness,True
"Maybe not now, but...",sadness,False
Nee.,sadness,False
Error.,sadness,True
Others who flee are not bothered by this.,sadness,False
"Friends Tim and Guus, the first to leave Rotterdam after the start...",sadness,False
Nee.,sadness,False
"You sleep here, I'll sleep there.",sadness,False
Do each other differently.,sadness,False
"We are now in Krimpen. Yes, almost in Krimpen.",sadness,False
We had an ANPR hit on the father's car...,sadness,True
That's Rajiv. Yes.,sadness,False
En Aygun.,sadness,False
And the father...,sadness,False
Stand-by.,sadness,False
more important than the container.,sadness,False
can now bypass cameras.,sadness,True
Because there have been no new ANPR reports for a while...,sadness,True
or other leads have been received.,sadness,True
That is why this search is stopped for the time being.,sadness,True
"There's the park. Yeah, yeah, yeah.",sadness,False
Allee.,sadness,False
See you in three weeks.,sadness,False
Bye.,sadness,False
"O, hee.",sadness,True
"Well, here we go again.",sadness,False
"Ah, there's probably been a call from somewhere.",sadness,True
Is a scenario.,sadness,False
All right.,sadness,False
"So we have to work in that environment, which is now being referred to as the cell market...",sadness,False
we're going to search the car.,sadness,True
"It is open to it, but it is not.",surprise,True
He already felt bad. He was the only one who came with a suitcase.,surprise,False
He already felt bad about that. Now he doesn't have a duo yet either.,surprise,False
"And yes, I will miss that the most. Really the most.",surprise,False
"Last year you were all alone, not now.",surprise,False
had to leave their suitcases here in the studio.,surprise,True
"Yes, those I leave behind are friends and family.",surprise,False
"No, magazine is not possible, but maybe online.",surprise,True
But of course you will also miss him.,surprise,False
"There isn't really much bamboo here, so it won't really be a confibet anyway.",surprise,True
"I'm just getting emotional, boy.",surprise,False
"The very last house on Rabbit Lane, that's it.",surprise,True
"The very last house on Rabbit Lane, that's it.",surprise,True
We won't see them again. Eliminated first.,surprise,False
The braiding plan has been scrapped.,surprise,False
I could really cry. I was like...,surprise,False
"Yeah, someone just has to go home.",surprise,False
It is defeat number two and it hits hard.,surprise,False
"Yes, it really is a grave atmosphere.",surprise,False
I don't want to do the book.,surprise,True
But I do think they are really disappointed today.,surprise,False
"Oh, dear.",surprise,True
"AQ, Team 2, campsite is negative.",surprise,True
but no signals that the two have been there.,surprise,True
You don't want to know what kind of stress we went through today.,surprise,False
"Hailing a van on the street, driving, that doesn't work.",surprise,True
"that Ashley, Alice, Tyron, Laylee and Sonja had to leave behind.",surprise,False
You've already had to say goodbye to your cell phone. Did that hurt?,surprise,False
Unfortunately.,surprise,False
Oh dear.,surprise,False
I feel disappointed.,surprise,False
I couldn't give it to him at that moment.,surprise,False
"Sorry, man.",surprise,False
"No? Shit, sorry.",surprise,False
Are we going to get anywhere here? No.,surprise,False
Are we going to get something here? No.,surprise,False
No? This really sucks.,surprise,False
"Yeah, it just sucks. It's just not fun, of course.",surprise,False
My name never appeared on a piece of paper on the previous expedition.,surprise,False
"But it's really over. I know, yeah.",surprise,False
"Unfortunately, your suitcase remains here.",surprise,False
I'll never come back here again.,surprise,False
There's nothing in it.,surprise,True
"Unfortunately, your suitcase is not allowed in the house.",surprise,False
"You say? Yes, I asked them, but it's not possible.",surprise,False
"No, how shitty would that be? After a week.",surprise,False
"The end, the end, the end.",surprise,False
I'm so bummed.,surprise,False
The whole piece succeeds for nothing.,surprise,False
"Before you enter the house, you can say goodbye to family and your...",surprise,False
"Bye, honey. Bye, honey.",surprise,False
"Dear Ashley, it's time for you to go.",surprise,False
someone has to leave again.,surprise,False
I have not started yet. I have so little energy.,surprise,True
"If there's no coffee tomorrow, I'm really going home.",surprise,True
The weather is hopeless.,surprise,False
"Ah, hopeless again.",surprise,False
We have no money anyway.,surprise,False
"We have no phone, no wallet.",surprise,False
"Oh, no. I can not cook.",surprise,True
"Oh, I'm going to have to be alone here and everyone's just going to...",surprise,True
And then I'll never be able to sit on the other side of the house.,surprise,False
Should I do something about this?,surprise,True
And her biggest challenge is that she has to miss her grandparents for so long.,surprise,False
"Oh, dear.",surprise,True
There's just nothing.,surprise,False
"Yeah, I don't know much else either.",surprise,True
One of those two from that duo is leaving.,surprise,False
"Yes, one of those duos is leaving.",surprise,False
because hopefully you won't see them for a long time.,surprise,True
"No, I don't have my suitcase. Me neither.",surprise,False
I can't do anything with this at the moment.,surprise,True
It also sucks that you don't have any coins.,surprise,False
Aygun and Rajiv are also having trouble finding a ride.,surprise,False
So I'm sick.,surprise,True
where one of the expedition members will be sent home immediately.,surprise,False
"Yes, that should have been faster and better.",surprise,True
"Unfortunately it didn't work out, I think she was almost there, Rita.",surprise,False
but that just didn't work out.,surprise,False
but maybe I had the slightest contact with you.,surprise,True
Sorry.,surprise,False
But that doesn't give any indication of the location at all.,surprise,False
"Oh nice. Yeah, I can't do it.",surprise,True
...sick bad.,surprise,True
because with that rain it is impossible.,surprise,True
"If it stays like this, I won't be happy at all.",surprise,False
It really can't go on anymore.,surprise,True
And they are not equipped with a SIM card.,surprise,True
The bafel.,surprise,False
All three have no suitcase.,surprise,False
We all just can't...,surprise,False
Then it wasn't nice for you. We all don't have a suitcase.,surprise,False
"Okay, so you guys didn't help.",surprise,False
They wanted to come and say goodbye.,surprise,False
Sorry for the inconvenience.,surprise,True
"And because Rajiv's father's bus has been loaned out, the beacon cannot be placed now.",surprise,False
Bye. Bye Bye Bye.,surprise,False
"No, but I don't want to be here.",surprise,False
"I'll never be able to get my suitcase through here, will I?",surprise,False
"No, it's not done yet, but it doesn't really work.",surprise,False
All three of them were not allowed to take their suitcases with them.,surprise,True
I can't go all the way here either.,surprise,False
So nothing.,surprise,True
It wasn't like it used to be.,surprise,False
"I really wasn't sleeping well at all, you know.",surprise,False
"We have no phone, no wallet, nothing.",surprise,False
"Very small village. Yes, but quite gone.",surprise,False
"Well, that won't work.",surprise,False
"Won, super happy, but lost Aunt Frida.",surprise,False
And I already knew that we shouldn't have done it.,surprise,True
That would totally suck.,surprise,False
It does not work.,surprise,False
There's nothing in it.,surprise,True
"Yes, but I'm already prepared that I won't be allowed to take it with me.",surprise,True
And that means you have to go home.,surprise,False
"Yes, someone from this team needs to go home.",surprise,False
"I just think it's a shame, because I would have really liked to experience it.",surprise,False
No money can go in here.,surprise,True
"But that doesn't last, because you have to...",surprise,True
"Ah, you don't have one. I do not have any.",surprise,True
Do you see it? He misses sometimes.,surprise,False
"Oh, bad.",surprise,False
joy and sadness.,surprise,False
I really thought I was going to be here alone.,surprise,False
"Shit, man. I shouldn't have done it.",surprise,True
This really makes me very tired.,surprise,False
"I hope I can take him with me, but I doubt that will be the case.",surprise,False
That suitcase doesn't come into the house.,surprise,True
That feels painful.,surprise,False
"Of the 16 former finalists, two had to go home on day 1.",surprise,False
Then it would really be a bummer if there was simply nothing in it.,surprise,False
I thought I was going to be sad.,surprise,False
They wanted to come to say goodbye.,surprise,False
Sorry for the inconvenience.,surprise,True
"And because Rajiv's father's bus has been lent, the beacon cannot be placed now.",surprise,False
I would be really disappointed right now...,surprise,False
After the lost landing test.,surprise,False
"It is open to it, but it is not.",surprise,True
He already felt bad. He was the only one who came with a suitcase.,surprise,False
He already felt bad about that. Now he doesn't have a duo yet either.,surprise,False
That game hurt.,surprise,False
So happy for [NAME]. So sad he's not here. Imagine this team with [NAME] instead of [NAME]. Ugh.,surprise,False
but it's [NAME] saying it so sorta disappointing,surprise,False
"Just rumors online, it most likely won't happen",surprise,False
"Pity. I had some decent lunches there, but never went there at night.",surprise,False
You should dm her and say I'm sorry,surprise,False
"Agree. Keep trying, then if your rejected every time. I'm sorry your done.",surprise,False
Is he dead now from a tragic drowning accident? Asking for a friend.,surprise,False
"Yes, at home recuperating from a fractured ankle. ",surprise,True
Because [NAME] had a foot injury that I think he sustained at practice for the second half of the year.,surprise,True
Drunk and crying in bed with my pets. :|,surprise,False
Especially with the way they got rid of him... no real fanfare at all...,surprise,True
I unfortunately can not afford a lawyer. Luckily the only thing that we shared is our daughter,surprise,False
Makes me sad I'll never be with a beautiful woman.,surprise,False
I would of gone to the doctor way before that,surprise,False
>The ABCâ€™s hard-hitting investigation :/ Such a sad article.,surprise,False
I'll add to this: be prepared to not get closure or questions answered. This is the hardest lesson I had with my break up.,surprise,True
that most of the fandom does not get that reference is depressing,surprise,False
ðŸ˜­ I wanted her to be on the top 4; now weâ€™ve heard plenty of times [NAME] mentioned so pretty sure ainâ€™t gonna happen,surprise,False
Im 13 I can't get a job..,surprise,True
"Yes, you said you are dying, I cannot do anything about that, hope you find peace",surprise,False
Well they called and said there was a pricing discrepancy and they could not honor it. ðŸ˜­ sad day.,surprise,False
"Ah yes, the poison. The worst part of any poisoning. ",surprise,False
"I know the feeling, but youâ€™re not disgusting. Happy new year!",surprise,True
Idgaf anymore. I lost all hope in moids. I'll keep looksmaxxing for myself.,surprise,True
Whoops yeah my bad And no just from the pictures ive seen there were just u opened sauce packets arranged on platters,surprise,True
Please tell me how you feel about [NAME] and [NAME] again once you've finish with your manufactured outrage.,surprise,False
I can feel my left knee getting sore now,surprise,False
Not seeing why that's depressing.,surprise,True
oh my [NAME]. it was hurting my brain. i only saw the disappearing boot and thought i was missing something.,surprise,False
The positive side to this is i get to relive the same emotions that I felt losing my virginity....ever few months.,surprise,True
"Whatever it is, not enough.",surprise,True
This just makes me feel inferior at this point.,surprise,False
"Whenever you get a smelly one, don't you feel ashamed? Like what disgusting thing did I do wrong?",surprise,False
"Jfc, that's depressing.",surprise,False
"At least he's finally done one thing right. Utter fucking disappointment at every level, by every metric.",surprise,True
"Depends, do you become so old and senile that you have dementia canâ€™t walk and shit",surprise,True
My wife is out for shabbos and I'm so lonely without her :(,surprise,False
Yeah it doesn't impact much except when they break and cause billions of dollars in damages and irreparable consequences to the wildlife.,surprise,False
You'll miss a begging old man asking for a spare coin. RIP,surprise,False
"Im really sad, and there is alot more goin on but i dont know how to tell it.",surprise,False
"Yep, it would be super easy. Honestly makes me regret not doing that to the flames sub... /S kind of",surprise,False
The kind of women they'll never get.,surprise,False
Iâ€™m so sorry. You deserve so much better.,surprise,False
"> It's upsetting. What can be done? We'll have to take it to the high courts, let them decide!",surprise,False
Okay Iâ€™ll call them tonight and cry on your behalf.,surprise,False
"Sometimes, I feel bad if I don't every now and then. I mostly talk with her on SC/IG tho. ",surprise,False
So true it hurts.,surprise,False
Man hope he recovers fast. Looked really painful,surprise,False
I honestly don't know but the more attention something gets the less it gets ignored,surprise,False
Yeah personally I wouldâ€™ve brought [NAME] back lol [NAME] always had trouble staying healthy,surprise,True
"Sorry, girl. You deserve better.",surprise,True
Basically. My step dad didn't choose to break his back and his knees. The whale chose to overeat and become obese,surprise,True
"Oh man. I feel so bad for her, but am morbidly curious at the same time. Got more pics? ",surprise,False
Well 216 is out now and Im crying. [NAME] why?,surprise,False
Poor Target didnâ€™t make enough millions during one of the most hectic Christmas seasons I recall in almost 2 decades. Gotta save that payroll though.,surprise,False
Oh gosh that's no good! Perhaps the other options are better places to start,surprise,False
Sadly I think this is true & maybe this is the incentive adults need to get into action,surprise,True
"My favorite pod when they are fresh & clear. Sadly, all of my recent packs look like dark brown syrup pods. ",surprise,False
"Ah, Farmville. Those were dark days.",surprise,False
